posicao,k,silhueta,inercia,menor_grupo,maior_grupo
bot,2,0.23156643590978312,374.3894371270715,20,43
bot,3,0.16978156543842784,328.9411410701824,16,27
bot,4,0.14868874955396696,300.87019491567355,9,20
bot,5,0.13762732459459753,278.0836882252217,6,19
bot,6,0.15021376735813735,253.23786977490977,2,15
jng,2,0.1936881157955083,390.8440026058768,22,40
jng,3,0.1455912283086304,341.8541439196958,8,28
jng,4,0.1419967224408719,302.6121891793474,7,20
jng,5,0.11640786592325061,282.0122973500892,7,17
jng,6,0.10904984640347723,263.66712038826086,7,15
mid,2,0.2023710553731651,419.94080829476235,18,48
mid,3,0.14813445822558288,365.8756368180449,15,32
mid,4,0.1428281323510517,332.2540069540619,10,31
mid,5,0.14946884575251954,298.0135570296887,4,25
mid,6,0.1285551757894992,278.6370016129235,4,17
sup,2,0.21367662506198914,406.8238321220275,25,42
sup,3,0.1579488456864314,355.2586407839809,19,25
sup,4,0.1499262356969314,325.49556917419875,8,26
sup,5,0.13493315425422742,299.9968598222525,10,15
sup,6,0.13415452000417627,280.39105565421823,7,17
top,2,0.16690634883202854,434.69149503650664,22,44
top,3,0.15100403898028478,379.1427942238972,14,33
top,4,0.1366492404136214,346.2679463151323,8,25
top,5,0.13527896773609382,313.08541778317215,8,22
top,6,0.12423217626370799,291.60481107984805,8,15
