posicao,k,silhueta,inercia,menor_grupo,maior_grupo,ari_medio,ari_minimo,ari_referencia_medio
bot,2,0.23156643590978312,374.3894371270715,20,43,1.0,1.0,1.0
bot,3,0.16978156543842784,328.9411410701824,16,27,0.8971407097466135,0.6654087376417305,0.9033443745548932
bot,4,0.14868874955396696,300.87019491567355,9,20,0.7781341314821186,0.6253438822167834,0.7905760968670581
jng,2,0.1936881157955083,390.8440026058768,22,40,1.0,1.0,1.0
jng,3,0.1455912283086304,341.8541439196958,8,28,0.7377977474205633,0.12743134157397304,0.7691518876717669
jng,4,0.1419967224408719,302.6121891793474,7,20,0.5328427041766677,0.2948241856560904,0.5995036712639207
mid,2,0.2023710553731651,419.94080829476235,18,48,1.0,1.0,1.0
mid,3,0.14813445822558288,365.8756368180449,15,32,0.7604931099249008,0.48378289611706815,0.8501432455794546
mid,4,0.1428281323510517,332.2540069540619,10,31,0.653395283586382,0.3251809741932845,0.6767004271687844
sup,2,0.21367662506198914,406.8238321220275,25,42,0.9787346570071594,0.9401912228326358,0.9521529782661087
sup,3,0.1579488456864314,355.2586407839809,19,25,0.9021912715942336,0.7178378438800918,0.9193016558135451
sup,4,0.1499262356969314,325.49556917419875,8,26,0.5728799184199875,0.32840032792346713,0.5996073667713342
top,2,0.16690634883202854,434.69149503650664,22,44,1.0,1.0,1.0
top,3,0.15100403898028478,379.1427942238972,14,33,0.8167009532304402,0.6192834960007138,0.7930467503881793
top,4,0.1366492404136214,346.2679463151323,8,25,0.7163637897825461,0.412923466771245,0.5878953203196248
