position,cluster,jogadores,vitorias_media_pct,vitorias_mediana_pct
bot,0,20,43.266571636667194,42.211662371134025
bot,1,43,51.2590904596134,48.75
jng,0,40,55.002237890104766,54.050736497545
jng,1,22,37.43467061995849,36.863425925925924
mid,0,48,46.55449787560744,47.33380480905233
mid,1,18,50.94955954146869,49.9028371550719
sup,0,42,51.35284054538229,51.8082788671024
sup,1,25,41.71037646245446,41.509433962264154
top,0,44,51.96177365070293,53.45695970695971
top,1,22,41.89338703710549,43.46153846153847
